LESSON CODE,LESSON TITLE,lESSON DAY,LEVEL,TEACHER,DATE,TIME,SEAT
MON_01,Aqua Beginners,Monday,1,Lily,25 MAR 2024,4:00pm to 5:00pm,4
MON_02,Aqua Beginners,Monday,1,Lily,25 MAR 2024,5:00pm to 6:00pm,4
MON_03,Aqua Beginners,Monday,5,Harry,25 MAR 2024,6:00pm to 7:00pm,4
WED_01,Water Wonders,Wednesday,3,Henry,27 MAR 2024,4:00pm to 5:00pm,4
WED_02,Water Wonders,Wednesday,4,Henry,27 MAR 2024,5:00pm to 6:00pm,4
WED_03,Water Wonders,Wednesday,3,Carter,27 MAR 2024,6:00pm to 7:00pm,4
FRI_01,Float and Learn,Friday,2,Carter,29 MAR 2024,4:00pm to 5:00pm,4
FRI_02,Float and Learn,Friday,3,Carter,29 MAR 2024,5:00pm to 6:00pm,4
FRI_03,Float and Learn,Friday,2,Harry,29 MAR 2024,6:00pm to 7:00pm,4
SAT_01,Dive Discovery,Saturday,4,Henry,30 MAR 2024,2:00pm to 3:00pm,4
SAT_02,Dive Discovery,Saturday,4,Harry,30 MAR 2024,3:00pm to 4:00pm,4
MON_04,Aqua Beginners,Monday,1,Lily,01 MAR 2024,4:00pm to 5:00pm,4
MON_05,Aqua Beginners,Monday,4,Henry,25 MAR 2024,5:00pm to 6:00pm,4
MON_06,Aqua Beginners,Monday,1,Harry,25 MAR 2024,6:00pm to 7:00pm,4
WED_04,Water Wonders,Wednesday,1,Lily,27 MAR 2024,4:00pm to 5:00pm,4
WED_05,Water Wonders,Wednesday,5,Carter,27 MAR 2024,5:00pm to 6:00pm,4
WED_06,Water Wonders,Wednesday,5,Carter,27 MAR 2024,6:00pm to 7:00pm,4
FRI_04,Float and Learn,Friday,4,Carter,29 MAR 2024,4:00pm to 5:00pm,4
FRI_05,Float and Learn,Friday,5,Henry,29 MAR 2024,5:00pm to 6:00pm,4
FRI_06,Float and Learn,Friday,4,Harry,29 MAR 2024,6:00pm to 7:00pm,4
SAT_03,Dive Discovery,Saturday,1,Henry,30 MAR 2024,2:00pm to 3:00pm,4
SAT_04,Dive Discovery,Saturday,5,Harry,30 MAR 2024,3:00pm to 4:00pm,4
MON_07,Aqua Beginners,Monday,5,Carter,01 APR 2024,4:00pm to 5:00pm,4
MON_08,Aqua Beginners,Monday,2,Lily,01 APR 2024,5:00pm to 6:00pm,4
MON_09,Aqua Beginners,Monday,1,Lily,01 APR 2024,6:00pm to 7:00pm,4
WED_07,Water Wonders,Wednesday,4,Harry,03 APR 2024,4:00pm to 5:00pm,4
WED_08,Water Wonders,Wednesday,3,Harry,03 APR 2024,5:00pm to 6:00pm,4
WED_09,Water Wonders,Wednesday,2,Harry,03 APR 2024,6:00pm to 7:00pm,4
FRI_07,Float and Learn,Friday,5,Carter,05 APR 2024,4:00pm to 5:00pm,4
FRI_08,Float and Learn,Friday,4,Henry,05 APR 2024,5:00pm to 6:00pm,4
FRI_09,Float and Learn,Friday,5,Carter,05 APR 2024,6:00pm to 7:00pm,4
SAT_05,Dive Discovery,Saturday,5,Harry,06 APR 2024,2:00pm to 3:00pm,4
SAT_06,Dive Discovery,Saturday,5,Carter,06 APR 2024,3:00pm to 4:00pm,4
MON_10,Aqua Beginners,Monday,1,Harry,08 APR 2024,4:00pm to 5:00pm,4
MON_11,Aqua Beginners,Monday,4,Henry,08 APR 2024,5:00pm to 6:00pm,4
MON_12,Aqua Beginners,Monday,1,Carter,08 APR 2024,6:00pm to 7:00pm,4
WED_10,Water Wonders,Wednesday,3,Carter,10 APR 2024,4:00pm to 5:00pm,4
WED_11,Water Wonders,Wednesday,2,Harry,10 APR 2024,5:00pm to 6:00pm,4
WED_12,Water Wonders,Wednesday,1,Lily,10 APR 2024,6:00pm to 7:00pm,4
FRI_10,Float and Learn,Friday,4,Lily,12 APR 2024,4:00pm to 5:00pm,4
FRI_11,Float and Learn,Friday,5,Harry,12 APR 2024,5:00pm to 6:00pm,4
FRI_12,Float and Learn,Friday,1,Henry,12 APR 2024,6:00pm to 7:00pm,4
SAT_07,Dive Discovery,Saturday,5,Carter,13 APR 2024,2:00pm to 3:00pm,4
SAT_08,Dive Discovery,Saturday,4,Henry,13 APR 2024,3:00pm to 4:00pm,4