STUDENT ID,NAME,EMAIL,GENDER,LEVEL,AGE,ROLE,CONTACT,PASSWORD
1,James,james@gmail.com,male,1,5,student,04123678129,12345
2,Oliver,oliver@gmail.com,female,2,7,student,04123679129,54321
3,William,william@gmail.com,male,1,9,student,04123678127,14352
4,Allen,alien@gmail.com,female,3,7,student,04123578129,12435
5,Bell,bell@gmail.com,female,1,10,student,04123678124,14325
6,Brown,brown@gmail.com,male,3,9,student,04123378129,15434
7,Baker,baker@gmail.com,male,5,10,student,04123675129,15342
8,Davies,devies@gmail.com,male,2,5,student,04123678129,15432
9,Jones,jones@gmail.com,male,4,6,student,04123673129,15352
10,Noah,noah@gmail.com,female,5,8,student,04123672129,15325
11,Robin,robin@gmail.com,male,4,5,student,04193678129,15243
12,Mandy,mandy@gmail.com,female,2,8,student,04123678126,15423
13,Bailey,bailey@gmail.com,female,5,9,student,04123648129,15243
14,Adam,adam@gmail.com,male,4,7,student,04123698129,13252
15,Clark,clark@gmail.com,male,3,8,student,04123688129,14253
17,Carter,carter@gmail.com,female,,12-04-1976,teacher,04123678125,12345
18,Harry,harry@gmail.com,female,,15-07-1950,teacher,04123348129,
19,Henry,henry@gmail.com,male,,22-03-1945,teacher,04123697129,
12,Lily,lily@gmail.com,male,,07-09-1987,teacher,04123618129,
