<?xml version="1.0" encoding="UTF-8"?>
<project-private xmlns="http://www.netbeans.org/ns/project-private/1">
    <editor-bookmarks xmlns="http://www.netbeans.org/ns/editor-bookmarks/2" lastBookmarkId="0"/>
    <open-files xmlns="http://www.netbeans.org/ns/projectui-open-files/2">
        <group>
            <file>file:/E:/a%20update/HJJS_App/test/hjjs_app/TeacherTest.java</file>
            <file>file:/E:/a%20update/HJJS_App/src/hjjs_app/ReportController.java</file>
            <file>file:/E:/a%20update/HJJS_App/src/hjjs_app/BookingManagement.java</file>
            <file>file:/E:/a%20update/HJJS_App/src/hjjs_app/LessonDetails.java</file>
            <file>file:/E:/a%20update/HJJS_App/src/hjjs_app/Teacher.java</file>
            <file>file:/E:/a%20update/HJJS_App/src/hjjs_app/LessonReview.java</file>
            <file>file:/E:/a%20update/HJJS_App/src/hjjs_app/Student.java</file>
            <file>file:/E:/a%20update/HJJS_App/src/hjjs_app/Csv_file/userDetails.csv</file>
            <file>file:/E:/a%20update/HJJS_App/src/hjjs_app/HJJS_App.java</file>
            <file>file:/E:/a%20update/HJJS_App/src/hjjs_app/TimeTable.java</file>
        </group>
    </open-files>
</project-private>
